{
  "precision": 0.35714285714285715,
  "recall": 0.5,
  "f1": 0.4166666666666667
}